Streamer,Hours_Streamed,Average_Viewers,Peek_Vierwers,Days_Active,Total_Games_Streamed,Daily_Broadcast_Time,Hours_Watched_Daily,Follower_Gained/stream,Views/stream,Followers_Gained/Hour,Followers_to_Date,Total_Views,Active_Days_per_Week,Average_Games/stream,Views/hour
ninja,7671,38346,616693,792,32,10,371419,11976,365766,1778.2,13863213,436833919,6.4,1.3,1778.2
shroud,6075,29000,202955,728,157,8,241993,7505,376304,879.6,6088584,295436746,5.9,2.1,879.6
tfue,4678,18203,152683,724,16,6,117605,7566,140656,1166.2,5493940,101627899,5.8,1.1,1166.2
tsm_myth,4920,10297,164817,747,30,7,67813,6621,98261,1009.3,4966908,73717155,6,1.1,1009.3
timthetatman,4895,17136,89207,725,60,7,115696,2471,87656,570.8,3603076,131286454,5.9,2,570.8
dakotaz,5039,13503,111193,619,25,8,109926,5469,121636,691.3,3582858,86921888,5,1.2,691.3
riotgames,3041,59465,561468,344,1,9,525744,3107,613312,383.1,3518063,1113673334,2.8,1,383.1
tsm_daequan,2352,17416,150502,425,23,6,96377,9364,124160,1469.2,3455338,45815404,4.9,1.1,1469.2
drdisrespect,3616,20426,363980,608,61,6,121474,5909,220324,906.9,3374495,124150056,4.9,1.8,906.9
drlupo,6873,5696,138477,784,47,9,49932,2501,46065,457.9,3179443,58476458,6.3,1.3,457.9
esl_csgo,20145,4360,562080,855,1,24,102726,2991,356230,56.7,2921596,341891937,6.9,1,56.7
pokimane,2265,7792,79479,660,30,3,26746,5179,108876,1179.6,2919416,62567827,5.3,1.5,1179.6
syndicate,1105,3505,34877,271,36,4,14292,793,55760,209.6,2692188,55238032,2.3,1.4,209.6
imaqtpie,6762,16241,77541,780,32,9,140800,1438,182764,164.6,2563291,312385457,6.3,1.2,164.6
nickmercs,5276,11843,131997,720,26,7,86788,3115,70926,425.1,2533362,54773657,5.8,1.4,425.1
sodapoppin,4851,22054,90822,684,732,7,156425,1956,230516,220.5,2416195,266167527,5.5,4.4,220.5
lirik,5488,23420,84821,788,777,7,163112,1145,186646,163.6,2408863,291811088,6.4,3.9,163.6
sypherpk,5699,4402,57773,827,24,7,30333,2072,34740,374.5,2180229,37264282,6.7,1.2,374.5
fortnite,262,79981,700529,57,1,5,367679,34386,759961,6823.9,1794782,39586110,0.6,1,6823.9
alanzoka,3272,12391,58055,582,217,6,69655,3649,117674,538.7,1797277,57674119,4.8,3,538.7
faker,753,26564,214841,165,1,5,121161,6825,222893,2049.7,1731904,51633607,1.5,1,2049.7
tsm_hamlinz,3363,5385,91660,540,27,6,33533,3525,39630,512.6,1724438,19383372,4.5,1.2,512.6
lolitofdez,2616,6031,418204,668,24,4,23619,2463,47308,648.6,1706313,32871838,5.4,1.1,648.6
couragejd,3025,6303,67845,542,36,6,35177,2932,51474,513.7,1632894,27886527,4.4,1.2,513.7
joshog,6560,4570,39627,765,176,9,39190,500,40764,69.1,1604496,66011664,6.2,1.5,69.1
gotaga,4359,11395,239747,702,55,6,70762,1806,79142,316.1,1601593,64200474,5.7,1.6,316.1
cizzorz,2825,4450,92039,513,38,6,24502,2809,30939,549,1554575,17096577,4.9,1.4,549
eleaguetv,875,106767,1088063,136,11,6,686593,11547,954467,1518.3,1545206,127365217,1.1,1,1518.3
gosu,3669,4326,24325,683,43,5,23238,562,39786,108.8,1529756,109653849,5.5,1.2,108.8
boxbox,3277,3599,21841,652,44,5,18087,888,37647,161.2,1518711,89281685,5.3,1.4,161.2
faceittv,1065,40733,490647,131,5,8,331026,4936,397029,630.5,1503781,181010693,1.1,1,630.5
gamesdonequick,1400,75725,247432,129,605,11,821567,7225,1347575,449.1,1474682,236391403,1,9.7,449.1
dyrus,6040,4486,27427,745,157,8,36372,438,52522,53.3,1471021,216908152,6,1.6,53.3
tsm_bjergsen,494,18624,47068,117,3,4,78624,2412,130182,478.6,1461805,92345013,1,1.1,478.6
highdistortion,4795,4248,78811,636,38,8,32030,1955,31179,305,1463401,23334246,5.2,1.2,305
dreamhackcs,16116,3032,308126,695,1,23,70309,1493,222870,32.4,1446854,157380226,5.7,1,32.4
overwatchleague,2659,39049,373393,215,1,12,482933,3767,412627,537,1434259,156392064,3.4,1,537
alanzoka,3272,12391,58055,582,217,6,69655,3649,117674,538.7,1797277,57674119,4.8,3,538.7
rubius,296,15521,153331,94,45,3,48927,13185,102523,3915.6,1404743,12185216,4.4,2.6,3915.6
goldglove,4387,3530,57707,608,155,7,25469,361,29355,48.9,1392764,57954064,4.9,2.5,48.9
kingrichard,5750,4016,79776,797,49,7,28972,1640,30676,235.1,1372853,26539042,6.4,1.3,235.1
kingrichard,5750,4016,79776,797,49,7,28972,1640,30676,235.1,1372853,26539042,6.4,1.3,235.1
cloakzy,2365,5491,67285,463,20,5,28045,2985,41157,567.9,1345298,18545782,3.7,1.1,567.9
yoda,4152,14601,110373,576,86,7,105251,1973,200304,234.7,1335225,130884091,4.7,1.7,234.7
captainsparklez,396,1113,5197,211,11,2,2089,212,9414,125.6,1312206,22798853,2.7,1.1,125.6
dedreviil,69,136,542,51,18,1,183,4059,8167,3012.1,228438,510828,0.4,1.3,3012.1
elded,3568,3208,32252,754,175,5,15183,1175,16567,306.5,1272440,18955320,6.1,2.3,306.5
yoda,4152,14601,110373,576,86,7,105251,1973,200304,234.7,1335225,130884091,4.7,1.7,234.7
nl_kripp,4828,13846,97333,847,63,6,78918,391,74840,70.1,1231099,214775485,6.8,1.4,70.1
doublelift,1697,13457,45684,332,14,5,68781,1394,110913,230,1200457,66223770,2.7,1.1,230
mongraal,1026,6840,92597,256,22,4,27410,4289,59584,1149.6,1179368,16385760,4,1.2,1149.6
swiftor,6102,705,51311,820,272,7,5247,221,11694,33.1,1157781,46019111,6.6,2.4,33.1
izakooo,4202,6694,104753,645,77,7,43611,657,95318,96.8,1138545,132943789,5.2,1.8,96.8
bobross,9458,1734,13685,503,6,19,32606,2065,69469,53.7,1128740,26035229,4.1,1,53.7
xqcow,6389,7745,36768,789,203,8,62719,1401,72490,176.1,1128234,58311855,6.4,2,176.1
arigameplays,1823,1917,30019,523,80,3,6683,2011,17083,594.6,1124520,9564932,4.2,2.4,594.6
wtcn,3705,4469,72481,719,132,5,23029,1418,59458,243.4,1111161,47245081,5.8,2.9,243.4
squeezielive,413,17176,388941,136,51,3,52193,7836,90802,2502.7,1105436,12406091,1.2,1.5,2502.7
cohhcarnage,5917,10744,44576,866,207,7,73409,312,54280,70.6,1101101,118016790,7,1.2,70.6
forsen,4694,10272,80860,720,430,7,66964,733,77379,117.4,1097837,105499087,5.8,2.5,117.4
fernanfloo,1075,2806,202387,305,13,4,9889,3928,33522,997.5,1090430,9155830,5.9,1.3,997.5
jericho,3583,1755,9326,757,111,5,8306,240,13446,46,1087051,25859898,6.1,1.5,46
voyboy,4210,5448,33025,626,24,7,36635,441,42780,60.9,1082265,118873852,5.1,1.1,60.9
sovietwomble,2830,2550,8465,765,89,4,9433,589,11339,275.3,1070044,19704395,6.2,1.1,275.3
jahrein,1540,7893,35913,383,221,4,31741,2839,94569,514.3,1068063,40868412,3.1,3.6,514.3
kittyplays,2088,1081,19503,407,20,5,5545,794,22572,144.5,1061730,28369769,3.3,1.5,144.5
yassuo,3500,5761,58067,647,41,5,31164,1603,54267,298.5,1049223,35416083,5.2,1.2,298.5
pashabiceps,286,6744,46828,96,7,3,20088,2424,83256,796.8,1032589,22905336,0.9,1.3,796.8
nadeshot,1180,4171,25773,254,21,5,19379,1399,27648,284.5,1009458,43926319,2.1,1.3,284.5
amouranth,13123,1480,8287,849,52,15,22876,672,50210,76.2,1004929,74760549,6.9,1.5,76.2
anomaly,2366,2118,22929,422,106,6,11876,874,33474,135.2,1001045,22761737,3.5,2.8,135.2
sivhd,457,1282,9022,93,11,5,6293,180,25768,34.4,999061,38094903,0.8,1.1,34.4
kittyplays,2088,1081,19503,407,20,5,5545,794,22572,144.5,1061730,28369769,3.3,1.5,144.5
markiplier,446,4039,24192,138,62,3,13053,2925,24671,938.1,986916,7970072,1.5,1.6,938.1
nadeshot,1180,4171,25773,254,21,5,19379,1399,27648,284.5,1009458,43926319,2.1,1.3,284.5
symfuhny,4155,1994,25262,760,10,5,10902,1106,15607,235.3,979296,13856587,6.3,1.1,235.3
gronkh,1746,17468,84465,291,145,6,104779,2120,201615,222.2,971839,61961600,2.4,2.5,222.2
ungespielt,1078,3921,25706,241,23,4,17531,1114,29877,234.7,956253,28704648,2,1.3,234.7
unlostv,1877,6101,31695,381,44,5,30050,2752,87210,442.9,951870,28599903,3.1,3.1,442.9
dedreviil,69,136,542,51,18,1,183,4059,8167,3012.1,228438,510828,0.4,1.3,3012.1
elded,3568,3208,32252,754,175,5,15183,1175,16567,306.5,1272440,18955320,6.1,2.3,306.5
disguisedtoast,5300,8818,53075,839,83,6,55707,1078,69575,159.2,940443,55623553,6.8,1.6,159.2
a_seagull,1837,9089,102132,375,61,5,44512,1308,51005,307.6,940027,30566605,3.1,1.4,307.6
grimmmz,8598,3709,25483,853,153,10,37385,959,44839,97.3,938729,41556826,6.9,1.8,97.3
kinggothalion,5715,4737,86264,797,98,7,33970,290,26999,51.2,935514,42260805,6.4,1.4,51.2
aydan,1509,4606,45369,279,11,5,24916,3382,30546,616.3,930163,8400472,3.2,1.1,616.3
amaz,3792,7545,46661,601,67,6,47602,293,54433,46.2,919565,96708078,4.8,1.6,46.2
loserfruit,4574,1352,8111,751,113,6,8235,591,14395,144.3,895471,23680283,6.1,1.5,144.3
amaz,3792,7545,46661,601,67,6,47602,293,54433,46.2,919565,96708078,4.8,1.6,46.2
jukes,2991,9340,34974,554,32,5,50429,1694,103477,262.8,886076,53431823,4.5,1.5,262.8
zeon,3269,2527,21205,630,154,5,13111,853,45214,144.7,885015,45289840,5.1,2.5,144.7
starladder,127,1600,12263,24,2,5,8438,348,29727,66,8413,719637,0.3,1,66
rocketleague,915,38250,197365,209,1,4,167376,3653,292572,842.9,881281,68080162,1.7,1,842.9
tsm_theoddone,7077,1547,14808,812,159,9,13483,-11,15923,-1.2,881671,204905250,6.5,2.3,-1.2
anomaly,2366,2118,22929,422,106,6,11876,874,33474,135.2,1001045,22761737,3.5,2.8,135.2
trymacs,2748,9445,62664,607,27,5,42755,1226,42654,285.6,854377,28501262,4.9,1.4,285.6
stpeach,2081,1603,8190,545,68,4,6122,1610,46883,338,848744,22668966,4.4,2.4,338
giantwaffle,5850,4003,24965,788,371,7,29719,298,39290,36.1,842310,52427150,6.4,3.1,36.1
disguisedtoast,5300,8818,53075,839,83,6,55707,1078,69575,159.2,940443,55623553,6.8,1.6,159.2
loganpaulwastaken,88,13793,193101,41,1,2,29750,5427,58928,2884.4,822477,3674500,0.8,1,2884.4
trumpsc,3403,3916,26081,707,73,5,18850,116,25836,21.2,819326,104941640,5.7,1.4,21.2
twitch,1055,14016,517160,258,25,4,57297,1046,423853,276.6,822495,224910145,2.1,1.1,276.6
alinity,3917,1735,10549,713,120,6,9531,781,44080,131.8,820827,48747452,5.8,2.7,131.8
trumpsc,3403,3916,26081,707,73,5,18850,116,25836,21.2,819326,104941640,5.7,1.4,21.2
callofduty,1024,19830,225308,187,3,5,108568,2022,164698,343.6,816960,47771038,1.5,1,343.6
mlg,359,8546,111328,139,6,3,22102,417,21161,169.4,809342,48152075,1.2,1,169.4
mlg,359,8546,111328,139,6,3,22102,417,21161,169.4,809342,48152075,1.2,1,169.4
rewinside,889,5479,77290,278,29,3,17522,1226,25969,390.4,801468,10369900,2.2,1.5,390.4
reckful,1988,9181,55911,338,81,6,54010,646,79342,106.2,799886,104779268,2.7,1.5,106.2
twitchpresents,9464,5075,67314,422,11,22,113818,3437,746257,80.3,795981,165969735,3.9,1,80.3
yogscast,14200,1954,60656,867,822,16,32004,292,80876,15.3,792528,105356790,7,5.3,15.3
beyondthesummit,11529,5870,121131,630,11,18,107424,762,182766,36.1,778395,388029482,5.1,1.1,36.1
cryaotic,3204,3738,14881,642,383,5,18654,229,17207,46.8,774008,41229133,5.2,2.2,46.8
scarra,5266,3338,22489,802,56,7,21919,407,26826,67,771510,71932212,6.5,1.3,67
dansgaming,8598,4758,37325,846,460,10,48357,179,34446,27.4,766727,107857711,6.8,1.3,27.4
monstercat,21095,569,3085,869,3,24,13812,394,34235,6.3,765572,25504109,7,1,6.3
warframe,495,9972,349477,372,1,1,13279,1683,32234,1222.9,764606,16624682,3,1,1222.9
omgitsfirefoxx,272,770,3556,118,18,2,1778,-127,9985,-44.3,764837,9020371,1,1.3,-44.3
greekgodx,1732,11086,69280,342,177,5,56150,2039,86960,393.1,761103,29449961,3.4,2.5,393.1
pgl,606,58932,649414,48,3,13,743403,10760,861443,835.2,759014,68805331,0.4,1,835.2
gassymexican,2677,1595,10268,465,213,6,9182,149,12024,25.3,753065,21410470,3.8,1.7,25.3
aphromoo,2334,4105,21585,473,34,5,20257,468,28051,100.5,747216,71039541,3.8,1.2,100.5
mithrain,3758,3763,29306,746,50,5,18955,901,49668,188.7,745937,40355378,6,1.6,188.7
froggen,2895,3508,15485,477,12,6,21288,391,30656,67.2,741338,72214807,3.9,1,67.2
skipnho,5857,3351,43965,777,98,8,25262,978,53823,117.9,737136,41388726,6.3,1.8,117.9
coscu,3221,2612,40997,500,21,6,16825,1374,31317,203.4,735136,19714305,4,1.5,203.4
moonmoon_ow,5577,8397,27385,794,204,7,58983,439,36490,92.6,736270,51304210,6.4,1.4,92.6
asmongold,3474,10176,88831,632,14,6,55941,1030,68731,178.8,727190,45184241,5.1,1.1,178.8
pink_sparkles,2461,1226,12149,461,15,5,6545,1364,43312,220.7,730575,21008171,3.7,1.8,220.7
solaryfortnite,7169,4058,45482,395,40,18,73654,1840,100100,101.9,732488,39742406,6.9,1.4,101.9
forsen,4694,10272,80860,720,430,7,66964,733,77379,117.4,1097837,105499087,5.8,2.5,117.4
kaypealol,2333,892,17000,575,12,4,3620,215,11576,52.5,726970,21867161,4.7,1.2,52.5
gafallen,416,8348,30273,133,6,3,26140,3154,63270,1090.6,725609,19174875,1.1,1,1090.6
kendinemuzisyen,1989,5133,18690,448,128,4,22792,1924,55349,355,707368,20317577,4.7,2.6,355
playhearthstone,2588,14669,168532,346,1,7,109719,925,198977,130.4,706377,119004595,2.8,1,130.4
scream,321,4884,23991,87,10,4,18035,3380,78461,873.3,700557,15115980,0.8,1.3,873.3
originpc,259,247,2702,121,32,2,530,5128,2077,2372.3,694610,513145,1,1.1,2372.3
valkyrae,2935,1399,19576,635,55,5,6465,988,12367,216.6,691718,8752303,5.1,1.4,216.6
professorbroman,5403,1395,19566,776,102,7,9713,148,11523,23.2,690003,21265187,6.3,1.5,23.2
chap,2773,3178,30510,291,24,10,30283,2223,45748,249.3,691392,14227817,5,1.3,249.3
chocotaco,4606,3550,27095,601,95,8,27206,812,27238,149.3,687640,23073067,6.8,1.4,149.3
loeya,4663,1607,19662,543,36,9,13800,918,24072,147.3,686741,18005691,6.2,1.3,147.3
jovirone,4260,5382,35538,653,14,7,35112,914,62892,143.8,681338,44601053,5.3,1.1,143.8
aimbotcalvin,5280,5254,52206,637,54,8,43547,1074,45682,127.2,671675,28553952,5.3,1.5,127.2
hastad,3427,3312,21904,453,54,8,25053,904,47184,121.8,670961,40611464,3.7,1.8,121.8
lestream,9285,2504,145205,754,534,12,30835,728,64334,62.4,667411,52103185,7,5.5,62.4
towelliee,7848,2856,18909,784,52,10,28590,137,31540,17.8,663439,126721382,6.3,1.2,17.8
easportsfifa,466,25954,123468,56,5,8,215951,9860,469783,1354.3,661481,31121608,0.5,1,1354.3
admiralbahroo,6680,5841,38374,814,166,8,47937,448,39087,51.4,661143,43019514,6.6,1.5,51.4
wildcat,285,2107,31024,93,14,3,6468,2234,11871,680.9,644469,2832072,0.8,1.3,680.9
aiekillu,1617,3918,56190,379,155,4,16720,813,30432,169.9,658475,23498795,3.1,1.9,169.9
legendarylea,1894,754,6293,433,54,4,3299,120,19779,23.7,648136,41318030,3.5,2,23.7
pintipanda,2385,2403,13674,524,160,5,10935,1005,34198,198.9,644296,20896641,4.3,1.8,198.9
lilypichu,1763,3579,24149,444,81,4,14208,1086,31413,255.2,643635,17890783,3.6,1.9,255.2
cowsep,5541,1080,12069,781,11,7,7662,210,12641,29.3,642407,31564010,6.3,1.1,29.3
lcs,664,63995,400429,144,1,5,294955,2915,383492,496.2,637012,72140908,1.3,1,496.2
iwilldominate,5928,5178,24334,807,39,7,38033,489,43151,67.7,636559,46863047,6.5,1.2,67.7
lcs,664,63995,400429,144,1,5,294955,2915,383492,496.2,637012,72140908,1.3,1,496.2
playbattlegrounds,452,15125,184404,95,1,5,71892,6352,263338,1406.7,636642,26341047,0.8,1,1406.7
dendi,468,9705,30188,100,6,5,45413,1722,85040,342.2,634423,53768919,0.8,1.1,342.2
lcs,664,63995,400429,144,1,5,294955,2915,383492,496.2,637012,72140908,1.3,1,496.2
maximilian_dood,4233,7418,30260,633,566,7,49607,467,39032,71.9,626536,39127223,5.1,2.1,71.9
riotgamesbrazil,1876,15025,131655,393,1,5,71704,827,133386,179.4,624924,124729885,3.2,1,179.4
miniladdd,249,3098,18076,81,40,3,9518,2761,22522,821.1,603378,3350728,0.7,1.5,821.1
rakin,2911,4486,19513,526,55,6,24829,972,47657,185.9,624663,29450451,4.2,1.2,185.9
realkraftyy,7152,1955,29474,815,46,9,17155,516,18030,58.5,623171,17005226,6.6,1.4,58.5
opsct,2053,2058,35882,256,18,8,16508,2071,29299,215.8,622803,10621532,2.1,1.2,215.8
thijs,4588,10940,44931,682,12,7,73601,605,75778,90.5,621336,63492363,5.5,1.1,90.5
tobiasfate,4419,3523,24095,670,51,7,23236,604,31167,121.6,620864,30150785,5.4,1.2,121.6
cheatbanned,2100,2122,8023,499,24,4,8931,211,33127,50.6,620906,42369761,4,1.3,50.6
mrsavage,1062,3011,35940,211,11,5,15150,2277,28385,583.4,619332,7720796,4.5,1.1,583.4
cellbit,1323,4462,18917,270,189,5,21870,2419,60360,442.3,614034,14911143,2.2,2.5,442.3
rakanoolive,3658,2216,22954,537,18,7,15094,1183,11436,164.6,614348,5937418,4.3,1.1,164.6
scump,902,10678,101779,155,11,6,62107,2840,55812,431.5,611107,18639037,1.4,1.2,431.5
exxzzy,18,20,109,9,2,2,39,9185,461,6797.1,124523,6080,0.2,1,6797.1
shiphtur,6387,4085,23939,810,15,8,32213,633,42769,82.9,611263,39169278,6.5,1.1,82.9
hrkchannel,494,6159,17766,134,39,4,22716,3510,87805,1043.9,581848,14421090,1.1,1.1,1043.9
nickbunyun,2184,270,3116,606,20,4,973,50,3331,12.5,609052,7126355,4.9,1.6,12.5
lachlan,43,3906,9374,15,3,3,11097,33925,29117,10348.6,598948,912541,0.3,1,10348.6
tarik,1383,3315,17870,235,15,6,19504,1133,36071,191,608758,18765807,2,1.2,191
sharishaxd,445,2484,9640,139,51,3,7953,972,102583,299.3,607076,24913903,1.1,1.7,299.3
streamerhouse,20849,492,8584,869,134,24,11804,281,22505,5.2,607410,54148003,7,2.3,5.2
cashnastygaming,613,4452,13123,158,16,4,17263,950,10751,252.6,606532,6086828,1.3,1.3,252.6
playbattlegrounds,452,15125,184404,95,1,5,71892,6352,263338,1406.7,636642,26341047,0.8,1,1406.7
admiralbahroo,6680,5841,38374,814,166,8,47937,448,39087,51.4,661143,43019514,6.6,1.5,51.4
itshafu,4383,3362,16377,623,61,7,23654,288,32390,39.4,601834,67900871,5.1,1.4,39.4
dizzy,1909,3459,41938,292,40,7,22619,2213,29815,303.7,588832,7914226,2.4,1.3,303.7
gaules,8194,3446,143489,446,17,18,63308,1633,111950,72,589777,40414090,6.9,1.2,72
mym_alkapone,3420,5645,39163,582,213,6,33168,465,25469,84.5,589209,33641177,4.7,2.3,84.5
bratishkinoff,3631,4606,32083,623,157,6,26848,820,44076,141.9,588475,30071486,5,1.8,141.9
dreadztv,2414,12438,51454,334,98,7,89897,646,207877,83.5,587246,129880157,2.7,2.2,83.5
tecnosh,2306,3323,40703,381,10,6,20109,1285,40652,206.8,555704,18357885,3.1,1.4,206.8
zerator,2685,7837,175290,579,115,5,36337,545,60085,123.3,583662,53304402,4.7,1.6,123.3
jasonr,7273,1802,17169,830,40,9,15791,505,25408,72.4,582021,27385300,6.7,1.8,72.4
jovirone,4260,5382,35538,653,14,7,35112,914,62892,143.8,681338,44601053,5.3,1.1,143.8
riotgamesturkish,1694,8027,63733,304,1,6,44742,640,124898,124.7,581401,129279662,2.5,1,124.7
mrfreshasian,1145,2212,13072,170,8,7,14905,3160,23002,507.5,583922,4235864,3.9,1.1,507.5
brtt,412,9846,35436,136,8,3,29825,2537,79719,622.1,565500,33958150,1.1,1.3,622.1
tsm_viss,7023,2589,19181,836,48,8,21751,642,30569,80.2,574883,27114181,6.7,1.3,80.2
maciejay,3153,2730,36143,670,12,5,12849,787,14198,168.5,574542,9960128,5.4,1.1,168.5
elotrix,430,3148,30826,100,13,4,13542,1672,20038,303.2,573779,13687518,0.8,1.3,303.2
olofmeister,78,7276,15311,25,3,3,22837,1972,68978,527.7,578253,9700206,0.2,1.2,527.7
geekandsundry,15837,1470,95403,830,201,19,28049,187,22042,21.1,571932,52578391,6.7,2.3,21.1
admiralbulldog,4629,8324,56253,643,152,7,59922,329,56673,56.6,569384,75576823,5.2,2.4,56.6
levo,3894,2531,18027,702,59,6,14038,536,32507,96.5,568571,34108958,5.7,1.7,96.5
valkyrae,2935,1399,19576,635,55,5,6465,988,12367,216.6,691718,8752303,5.1,1.4,216.6
wildturtle,146,1995,7518,39,1,4,7486,-1129,19053,-208.2,546196,43759086,0.3,1,-208.2
luzu,1076,989,18078,286,48,4,3722,984,9509,349.3,558670,4143359,4.1,1.2,349.3
bungie,35,41523,432504,24,2,1,60468,6894,212123,4734.3,558709,9870682,0.2,1,4734.3
lck,1588,21768,172716,262,1,6,131955,1728,180478,284,555941,54041910,2.3,1,284
lck,1588,21768,172716,262,1,6,131955,1728,180478,284,555941,54041910,2.3,1,284
realkraftyy,7152,1955,29474,815,46,9,17155,516,18030,58.5,623171,17005226,6.6,1.4,58.5
bunnyfufuu,3247,925,13741,569,11,6,5279,650,8941,112.5,555437,8919653,4.6,1.1,112.5
originpcceo,10,90,352,4,3,2,223,73024,1354,36880.6,439088,12770,0,1,36880.6
elotrix,430,3148,30826,100,13,4,13542,1672,20038,303.2,573779,13687518,0.8,1.3,303.2
prettyboyfredo,260,6529,33032,68,11,4,24916,987,36253,213,413396,3834384,0.5,1.8,213
wtcn,3705,4469,72481,719,132,5,23029,1418,59458,243.4,1111161,47245081,5.8,2.9,243.4
starladder,127,1600,12263,24,2,5,8438,348,29727,66,8413,719637,0.3,1,66
wildturtle,146,1995,7518,39,1,4,7486,-1129,19053,-208.2,546196,43759086,0.3,1,-208.2
dizzykitten,3061,1016,10239,599,121,5,5191,169,13833,33.2,544263,17893312,4.8,2.7,33.2
rekkles,307,8898,21290,51,1,6,53525,3673,98628,562.7,541512,18126372,0.4,1,562.7
hazretiyasuo,812,2847,16548,254,12,3,9099,1372,20655,420.8,538998,10486159,2.1,1.1,420.8
felps,2406,2024,11456,483,166,5,10082,1139,18674,201.7,513353,8317485,3.9,3.1,201.7
felps,2406,2024,11456,483,166,5,10082,1139,18674,201.7,513353,8317485,3.9,3.1,201.7
yetz,2782,3737,30556,386,20,7,26935,765,41393,107.8,537529,40396853,3.1,1.2,107.8
yetz,2782,3737,30556,386,20,7,26935,765,41393,107.8,537529,40396853,3.1,1.2,107.8
sirhcez,5398,1517,10402,684,22,8,11972,101,13418,13.1,533664,59539939,5.5,1.1,13.1
jacksepticeye,193,2441,22425,116,43,2,4071,3024,11333,1579,527754,2072808,1.3,1.2,1579
arteezy,737,15412,28650,130,3,6,87388,1697,128333,218.7,527770,49140983,1.1,1.1,218.7
mickalow,2257,2597,18701,347,65,7,16892,1793,28942,232.7,530151,8500361,3.1,2.2,232.7
sacriel,5639,3677,46834,709,88,8,29246,369,46809,45.9,527372,56854358,5.7,1.4,45.9
sacriel,5639,3677,46834,709,88,8,29246,369,46809,45.9,527372,56854358,5.7,1.4,45.9
kamikat,1331,4045,18311,240,24,6,22438,1522,56856,205.8,512384,28241015,1.9,1.4,205.8
kolento,2244,5984,28583,509,20,4,26380,357,42207,66.3,524822,42746252,4.1,1.1,66.3
kamikat,1331,4045,18311,240,24,6,22438,1522,56856,205.8,512384,28241015,1.9,1.4,205.8
bigfoltz,2131,383,8746,321,19,7,2543,259,2874,39.4,521278,6930657,2.6,1.3,39.4
savjz,4059,7636,42072,656,18,6,47253,458,57517,66.5,519235,52496575,5.3,1.1,66.5
warcraft,1325,13715,117791,174,1,8,104467,1371,219917,208.9,517837,63278766,1.4,1,208.9
bacon_donut,4198,800,4500,550,52,8,6106,111,10672,13.2,517220,23355336,4.4,1.2,13.2
sheviiioficial,3859,1628,25508,491,30,8,12796,819,29810,126,486569,17713921,4,1.9,126
felps,2406,2024,11456,483,166,5,10082,1139,18674,201.7,513353,8317485,3.9,3.1,201.7
felps,2406,2024,11456,483,166,5,10082,1139,18674,201.7,513353,8317485,3.9,3.1,201.7
singsing,5738,4770,24068,729,153,8,37542,241,39945,32.6,514226,76370300,5.9,1.4,32.6
sacriel,5639,3677,46834,709,88,8,29246,369,46809,45.9,527372,56854358,5.7,1.4,45.9
sacriel,5639,3677,46834,709,88,8,29246,369,46809,45.9,527372,56854358,5.7,1.4,45.9
skillshot,7528,2120,88784,698,11,11,22864,120,21822,17.3,473062,161276033,5.6,1.2,17.3
pimpimentalol,4205,2187,14128,572,53,7,16078,715,26330,119.4,503592,18510265,4.6,1.3,119.4
axtlol,2542,6874,50764,394,16,6,44342,1347,84382,163.2,512072,33025743,3.2,1.4,163.2
domingo,2025,5999,96582,487,132,4,24946,488,54713,118.7,507161,46913648,3.9,1.9,118.7
manvsgame,2910,2840,9083,309,55,9,26745,164,26256,16.7,506953,64109539,2.5,1.1,16.7
gtimetv,5289,886,21144,692,133,8,6772,178,11021,27.3,505279,15808727,5.6,1.5,27.3
hiko,403,3476,12883,119,4,3,11785,692,28176,204.2,503466,16791664,1,1.2,204.2
poach,1746,2700,25595,275,11,6,17140,1848,29490,285.9,499293,7966424,3.5,1.1,285.9
starladder_cs_en,2130,11080,280246,250,1,9,94399,817,111638,132.7,498640,66012724,2.2,1,132.7
hiko,403,3476,12883,119,4,3,11785,692,28176,204.2,503466,16791664,1,1.2,204.2
swifty,4879,855,26273,615,62,8,6783,196,15023,21.9,495553,43825903,5,1.5,21.9
patopapao,1928,3880,17072,408,75,5,18333,1107,45352,197,495247,17085117,3.8,1.5,197
gennabain,849,5467,44001,218,80,4,21280,49,37481,13,492719,59167918,1.8,1.2,13
angryjoeshow,3294,808,10909,690,310,5,3857,173,7275,38,491867,14048661,5.6,1.3,38
jghosty,750,760,47551,271,32,3,2103,1668,7123,627.3,484138,2178827,2.2,1.2,627.3
lck,1588,21768,172716,262,1,6,131955,1728,180478,284,555941,54041910,2.3,1,284
lck,1588,21768,172716,262,1,6,131955,1728,180478,284,555941,54041910,2.3,1,284
annemunition,4149,1651,37961,736,87,6,9308,453,18177,72,491243,16531105,5.9,1.7,72
gladiatorpwnz,3363,2963,14901,536,211,6,18589,683,41070,113.7,492127,29818637,4.3,3.5,113.7
esl_lol,3824,2074,153728,241,1,16,32910,348,132687,10.2,482613,138722771,2,1,10.2
warcraft,1325,13715,117791,174,1,8,104467,1371,219917,208.9,517837,63278766,1.4,1,208.9
warcraft,1325,13715,117791,174,1,8,104467,1371,219917,208.9,517837,63278766,1.4,1,208.9
jghosty,750,760,47551,271,32,3,2103,1668,7123,627.3,484138,2178827,2.2,1.2,627.3
lebouseuh,1680,2665,22506,509,28,3,8798,662,6897,278.3,483454,4938345,4.3,1.2,278.3
meteos,1572,2691,19304,283,3,6,14949,139,21059,21.9,483611,27121677,2.3,1,21.9
esl_lol,3824,2074,153728,241,1,16,32910,348,132687,10.2,482613,138722771,2,1,10.2
brownman,3278,1537,5834,757,314,4,6655,192,9149,36.7,482512,11063232,6.1,1.6,36.7
handiofiblood,667,5750,65007,167,53,4,22964,1909,78720,472.2,479701,15494426,1.4,1.4,472.2
mrtweeday,5114,355,4286,703,18,7,2582,73,9720,12.1,478869,14960675,5.7,1.3,12.1
davyjonesbr,625,4699,25184,162,39,4,18131,2719,43025,652.4,467653,6968721,1.6,1.3,652.4
ricegum,98,6210,16699,43,2,2,14189,5035,29830,2101.2,473282,3195510,0.7,1,2101.2
playoverwatch,657,15046,224005,89,1,7,111019,4790,191498,678.4,476610,19022518,0.9,1,678.4
skillshot,7528,2120,88784,698,11,11,22864,120,21822,17.3,473062,161276033,5.6,1.2,17.3
kaceytron,2372,675,8021,650,143,4,2464,14,7363,3.5,471014,31625421,5.2,2,3.5
wismichu,244,2831,49176,112,18,2,6163,4112,25833,1905.8,469536,2977741,1.4,1.2,1905.8
nepenthez,1224,2658,11282,410,18,3,7935,384,8561,102.3,469525,5308606,3.4,1.3,102.3
picoca,2233,1703,14997,428,42,5,8885,583,21989,91.1,467010,20080951,3.5,1.7,91.1
pengu,4272,1553,7276,681,25,6,9743,603,12377,106.7,462741,9486797,5.5,1.1,106.7
silvername,4165,9931,32915,630,45,7,65655,516,89674,82.1,462123,68223057,5.1,1.3,82.1
versuta,3918,2440,11658,636,12,6,15032,138,21641,24.5,460204,106581628,5.1,1.2,24.5
immarksman,3400,932,29737,773,24,4,4099,295,3534,64.6,460176,4312951,6.2,1.3,64.6
wingsofdeath,5913,1958,12174,854,46,7,13557,46,13371,6.4,459139,98678350,6.9,1.3,6.4
jesusavgn,1895,3233,14124,414,152,5,14797,647,33942,140,457643,20583313,3.3,2.4,140
zero,3379,2747,24679,495,83,7,18753,867,21918,116.5,456488,11165462,4.3,1.6,116.5
lebledart,216,1555,5267,59,29,4,5696,1522,10331,429.4,456139,5713970,0.5,1.6,429.4
cincinbear,7313,351,3416,773,73,9,3320,215,11431,27.7,453696,16724464,6.3,2.1,27.7
natehill,1965,1554,31061,386,14,5,7912,1084,11491,231,454042,4814745,5.5,1.1,231
anniebot,3522,1647,21635,580,3,6,10001,251,12758,43.2,452521,16517934,4.7,1,43.2
paluten,51,10774,39864,17,8,3,32216,4786,61712,1600.7,439897,3609320,0.2,1.5,1600.7
vgbootcamp,3604,4155,151180,592,42,6,25297,313,58113,54.1,448774,75574694,4.8,1.5,54.1
kephrii,5070,1793,13481,645,39,8,14094,648,19520,80.7,446600,12949038,5.2,1.2,80.7
theokoles,4050,2020,9988,755,50,5,10835,307,47930,59.2,446150,50975009,6.1,1.8,59.2
xchocobars,3222,2080,24860,688,74,5,9739,617,28576,108,445319,19044527,5.6,1.6,108
frankkaster,2517,2568,25546,499,90,5,12956,801,20920,176.3,443996,11590549,5,2.2,176.3
calango,1509,1770,12837,334,83,5,7997,1466,15895,272.1,419043,4528038,2.7,2.6,272.1
summonersinnlive,5082,5765,57392,575,8,9,50956,243,95559,34.3,441934,113227933,4.6,1,34.3
honeymad,1603,8244,32680,271,148,6,48749,531,76448,84.1,436492,43141972,2.7,1.5,84.1
markilokurasy,3801,1269,16291,668,50,6,7220,581,11091,113.7,433477,8256394,5.9,1.8,113.7
lec,684,37465,183626,114,1,6,224724,1801,291825,329.3,423853,55167041,1,1,329.3
sevadus,4100,740,5669,554,109,7,5477,69,6854,10.4,433299,28720826,4.5,1.3,10.4
bmkibler,3496,4356,72737,599,17,6,25422,411,39711,58.2,431653,30141124,4.8,1.4,58.2
saddummy,6985,4280,40819,754,378,9,39652,592,54825,61.5,430576,39806964,6.1,3,61.5
rtgamecrowd,1350,1358,9354,401,128,3,4572,1077,8097,315,428393,3213103,3.2,1.2,315
pietsmiet,943,5931,97872,218,108,4,25656,554,35831,141.7,428907,18994106,1.8,1.4,141.7
officialgetright,286,3504,17275,114,2,3,8804,710,26162,300.2,430043,8411973,1,1,300.2
llstylish,3151,1689,18460,685,7,5,7770,715,16754,135.9,428764,10043324,5.5,1,135.9
sweet_anita,592,2485,15289,226,23,3,6506,3185,25779,721.3,426856,3454495,5.3,2,721.3
nervarien,4435,3611,46466,654,24,7,24490,226,51362,38.3,424437,67801127,5.3,1.1,38.3
theokoles,4050,2020,9988,755,50,5,10835,307,47930,59.2,446150,50975009,6.1,1.8,59.2
summonersinnlive,5082,5765,57392,575,8,9,50956,243,95559,34.3,441934,113227933,4.6,1,34.3
lec,684,37465,183626,114,1,6,224724,1801,291825,329.3,423853,55167041,1,1,329.3
dogdog,3487,7566,30780,582,37,6,45333,476,46215,71.9,423786,33698538,4.7,1.3,71.9
lec,684,37465,183626,114,1,6,224724,1801,291825,329.3,423853,55167041,1,1,329.3
kinggeorgetv,5872,2043,27013,759,44,8,15807,497,11754,71.5,420736,9930641,6.2,1.2,71.5
alexelcapo,1463,5865,108851,479,140,3,17918,478,30289,178.5,418398,22040619,3.9,1.2,178.5
bethesda,343,11410,382658,149,20,2,26265,1607,93302,717,417827,23338181,1.2,1.2,717
bajheera,5177,659,34624,779,61,7,4379,86,11424,20.1,414957,35086986,6.3,1.4,20.1
troydangaming,857,2803,6173,298,33,3,8064,646,7184,183.1,413963,4447756,2.4,1.5,183.1
anthony_kongphan,6862,1685,18679,712,158,10,16240,354,21031,34.9,412997,20013859,5.7,1.6,34.9
dinglederper,1752,481,3913,454,29,4,1856,122,10784,26.6,409026,15542968,3.7,1.8,26.6
nintendo,111,31102,263863,35,10,3,98386,4367,203023,1380.6,407973,26667503,0.3,1.1,1380.6
steel_tv,2945,1456,9511,455,28,6,9424,200,18628,31.5,409103,22143656,3.7,1.6,31.5
miakhalifa,98,2995,21268,52,22,2,5640,7589,76887,4108,405970,4091509,0.6,1.3,4108
datto,2820,2118,62730,549,40,5,10879,482,15419,70.9,406669,8431653,4.5,1.3,70.9
arthas,1882,10790,70020,468,40,4,43386,919,102957,229.2,621015,64421400,3.8,2.1,229.2
lilchiipmunk,2006,718,13115,617,41,3,2335,381,12314,116.7,405014,11218236,5,2,116.7
dinterlolz,1151,4918,27241,246,13,5,23003,524,53216,115.2,404077,30696821,2,1.4,115.2
wankilstudio,422,6503,13231,147,102,3,18677,1834,39141,577.6,403728,10793425,1.2,1.7,577.6
gordox,371,3852,19341,99,8,4,14450,1988,31930,508.5,385424,14793000,0.9,1.1,508.5
andymilonakis,3448,1990,16764,640,131,5,10722,501,18944,106.4,403016,14126164,5.2,1.4,106.4
destiny,6409,2957,16731,796,71,8,23809,193,16758,38.7,401620,90882173,6.4,1.8,38.7
mobilmobil,3669,5340,20032,780,359,5,25118,132,42531,34.7,400669,75008073,6.3,1.6,34.7
pokelawls,4878,1694,23937,682,270,7,12116,373,14792,54.9,399244,15112406,5.5,2.4,54.9
twitchplayspokemon,21042,163,2444,869,2,24,3947,64,8044,1,398712,74692888,7,1,1
terroriser,1558,954,7120,343,42,5,4334,821,14111,153.4,397064,4556143,2.8,1.5,153.4
ltzonda,6867,71,3027,698,80,10,699,57,1908,7.4,396180,8621539,5.6,1.1,7.4
fattypillow,1717,2266,20600,468,146,4,8313,283,17964,84.8,395187,17525150,3.8,2.7,84.8
muselk,58,2408,17673,24,11,2,5866,11707,26281,5005.7,395838,1477326,0.2,1.1,5005.7
shortyyguy,5783,1514,23492,761,257,8,11505,247,17055,28.1,395177,15613160,6.1,2.6,28.1
elwind,946,5190,26389,226,32,4,21730,1573,50888,314.2,394874,11800713,1.8,2,314.2
dafran,2318,3958,11770,418,63,6,21948,879,30713,170.3,394695,13790952,3.7,1.4,170.3
thecreatures,29,209,970,26,4,1,236,-961,1783,-688.7,417550,36723361,0.2,1,-688.7
ognesports,1571,2058,65326,294,5,5,10995,118,20110,32.9,394260,109812285,2.4,1,32.9
lvpes,5251,5470,120939,551,4,10,52130,544,126609,53,394011,92576423,4.4,1,53
fairlight_excalibur,6592,2098,17441,743,147,9,18614,125,15575,13.8,392612,19757489,6,1.5,13.8
togi,996,554,5449,204,102,5,2704,462,20035,111.3,394280,13407619,1.6,2,111.3
ognesports,1571,2058,65326,294,5,5,10995,118,20110,32.9,394260,109812285,2.4,1,32.9
ognesports,1571,2058,65326,294,5,5,10995,118,20110,32.9,394260,109812285,2.4,1,32.9
ognesports,1571,2058,65326,294,5,5,10995,118,20110,32.9,394260,109812285,2.4,1,32.9
mcjuggernuggets,265,396,1896,87,22,3,1208,51,3806,15.4,390958,1628342,0.7,1.4,15.4
ybicanoooobov,4933,6612,21005,826,2,6,39485,314,38898,50.3,390274,38768946,6.7,1,50.3
tati,2296,894,12066,508,48,5,4040,755,22619,168.7,388691,11624426,4.1,2,168.7
ognesports,1571,2058,65326,294,5,5,10995,118,20110,32.9,394260,109812285,2.4,1,32.9
matthdgamer,51,1108,3837,40,4,1,1401,361,4605,242.9,386371,2092998,0.4,1,242.9
togi,996,554,5449,204,102,5,2704,462,20035,111.3,394280,13407619,1.6,2,111.3
ogaminglol,19780,2216,95393,842,10,24,52058,570,184547,11,384625,124566682,6.8,1.1,11
eryctriceps,3908,1105,12770,735,20,5,5875,495,16010,96.8,384825,12429902,5.9,1.1,96.8
kamolrf,2098,2898,26549,340,9,6,17882,1034,15729,183.4,384708,5851384,5.3,1.1,183.4
dogdog,3487,7566,30780,582,37,6,45333,476,46215,71.9,423786,33698538,4.7,1.3,71.9
akim,2744,514,6070,634,97,4,2225,379,3760,98.1,381258,3840805,5.1,2.5,98.1
tobiasfate,4419,3523,24095,670,51,7,23236,604,31167,121.6,620864,30150785,5.4,1.2,121.6
alohadancetv,4396,4781,32970,523,57,8,40188,509,65045,67.4,379623,45276884,4.2,1.9,67.4
ellohime,1814,1371,13662,347,129,5,7167,-11,13090,-2.1,378675,19323985,2.8,1.2,-2.1
datto,2820,2118,62730,549,40,5,10879,482,15419,70.9,406669,8431653,4.5,1.3,70.9
postmalone,8,15263,23128,4,2,2,30399,88850,210143,33458.2,274078,635327,0.1,1,33458.2
mitchjones,1677,4080,19351,416,31,4,16451,298,29227,76.3,375773,27976502,3.4,1.5,76.3
watchmeblink,20,497,1026,10,3,2,997,394,2082,196.2,4660,45069,0.1,1.1,196.2
avagg,4999,576,14967,640,132,8,4499,322,12952,40.4,375690,13086168,5.2,1.5,40.4
laceduplauren,2838,384,2689,693,46,4,1572,26,3051,6.5,375373,7344222,5.6,1.4,6.5
tfblade,3412,3374,15829,512,8,7,22485,607,28648,110.2,376077,17733439,5.7,1,110.2
ubisoft,369,3552,166654,177,30,2,7404,1541,24381,781,374869,10535215,1.4,1.1,781
laceduplauren,2838,384,2689,693,46,4,1572,26,3051,6.5,375373,7344222,5.6,1.4,6.5
cyanideplaysgames,3137,1038,4986,594,76,5,5482,385,7420,94.8,373999,6725631,4.8,1.3,94.8
rocketbeanstv,16244,691,6213,674,636,24,16654,324,37695,6.6,373532,73748191,7,12,6.6
heyimbee,696,806,3058,183,27,4,3066,1392,8436,349.9,372140,2021375,1.6,1.7,349.9
rush,497,7380,21743,93,2,5,39420,1189,50499,215.4,373058,14388362,0.8,1,215.4
bayriffer,882,1176,5669,240,100,4,4321,1224,23649,358.2,371713,7632681,1.9,1.1,358.2
coachbirdman,1,649,719,1,1,1,562,-1515,1536,-1748.1,591579,2581,0.6,1,-1748.1
ohmwrecker,755,2865,7017,150,39,5,14422,1131,15752,221.6,371722,4388759,1.2,1.5,221.6
duendepablo,4926,1031,11632,769,113,6,6604,339,9705,72.4,371675,11437434,6.2,2,72.4
tati,2296,894,12066,508,48,5,4040,755,22619,168.7,388691,11624426,4.1,2,168.7
hardgamechannel,1452,3585,18523,248,53,6,20986,995,30665,255.1,370956,11412296,2.5,1.3,255.1
grossie_gore,1693,2023,17054,314,10,5,10906,362,19704,66.9,370797,19385468,3.4,1.1,66.9
thaldrinlol,1830,2606,22039,435,21,4,10962,569,27253,121,368293,14548057,3.5,1.6,121
witwix,2304,2754,15843,427,147,5,14858,160,16514,28.6,366550,17859084,3.5,1.9,28.6
tbnrfrags,44,224,1620,23,3,2,425,105,4001,50.3,358314,8220264,0.3,1,50.3
bida,2757,3206,64753,512,45,5,17266,551,28859,107.7,365543,19627314,4.1,1.4,107.7
elraenn,1186,1457,9220,340,82,3,5083,1064,13036,307.6,364909,4471795,3.9,2,307.6
rajjpatel,1936,4555,38057,542,14,4,16273,629,28874,130.6,364649,15439356,4.4,1.2,130.6
imjahova,1698,170,2566,481,94,4,600,20,1140,6.1,363526,2718964,3.9,1.2,6.1
followgrubby,8200,2666,13894,736,27,11,29704,180,21986,21.9,363338,45273702,5.9,1.1,21.9
xminks,2311,231,1158,388,28,6,1376,85,5670,12.3,363325,5680184,3.1,1.3,12.3
olyashaa,1945,894,12969,390,29,5,4459,917,25537,185.3,361698,10049005,3.2,1.1,185.3
mastersnakou,3623,1902,10134,684,227,5,10075,220,12788,41.4,360573,12785622,5.5,2.8,41.4
miss_rage,3589,268,6481,649,59,6,1482,26,9138,4.9,360504,21625877,5.2,2,4.9
garenatw,1109,19584,115569,195,3,6,111401,382,132256,70.6,361394,179727136,1.6,1,70.6
lol_peanut,593,4249,39880,159,11,4,15860,1460,34480,445.4,359445,7275315,1.3,1.1,445.4
esea,1440,2377,69869,291,1,5,11760,201,40417,52.7,357179,51861871,2.3,1,52.7
kitboga,2569,3633,30874,448,34,6,20831,666,18307,139.3,357799,9833030,4.8,1.1,139.3
yelo,1991,1149,18317,306,12,7,7477,1051,9149,171,354060,3866151,3.4,1.1,171
brucegrannec,2328,4045,43188,643,47,4,14643,325,16971,94.6,352551,15060431,5.2,1.4,94.6
enragedcinema,1986,290,1312,377,12,5,1527,51,1523,9.4,344163,2972466,3,1.1,9.4
mckytv,3828,1351,21513,692,52,6,7473,473,9082,89.4,342999,6572102,5.6,1.6,89.4
woowakgood,5472,2834,30280,687,360,8,22572,448,31938,58.3,342502,23616832,5.5,3,58.3
avagg,4999,576,14967,640,132,8,4499,322,12952,40.4,375690,13086168,5.2,1.5,40.4
sparcmac,5054,1217,15816,661,18,8,9306,179,11365,27.1,342088,20534366,5.3,1.3,27.1
freakazoid,1046,1893,32664,157,10,7,12614,827,24740,126.5,340867,6272046,1.3,1.3,126.5
skyrroztv,2018,1070,9315,435,25,5,4963,473,6100,136.4,340264,3703921,3.5,1.2,136.4
wraxu,4991,2052,12183,623,27,8,16440,480,18364,67.2,340732,12918641,5,1.1,67.2
theonemanny,4310,506,9039,775,187,6,2814,383,7009,74.2,339056,5942526,6.3,2,74.2
skadoodle,1338,1223,38025,166,49,8,9856,1570,26210,176,339001,4745055,1.4,2.1,176
itmejp,5243,2736,54113,768,161,7,18677,98,26134,16,344491,64775486,6.2,1.4,16
itmejptest,1,24,39,1,1,1,22,2,0,2.1,6,128,0,1,2.1
thedarkness,2758,2808,12840,441,88,6,17558,810,37787,116,336649,15238891,3.7,2.5,116
blizzheroes,3639,8704,90026,373,1,10,84912,360,117476,50.7,335769,77054355,3,1,50.7
cobaltstreak,4438,1836,22634,794,232,6,10263,59,12905,9.1,335496,31118931,6.4,2.1,9.1
kneecoleslaw,1955,371,3632,365,77,5,1987,66,12430,10,334479,26813428,4.2,2,10
doigby,1224,1629,46157,290,35,4,6877,1014,12457,234.3,334684,4762718,2.3,1.5,234.3
trihex,4110,1297,20052,683,98,6,7806,209,12180,32.4,333607,17907823,5.5,1.8,32.4
adrive,3171,1470,12588,653,33,5,7138,281,11863,58.1,333164,9728368,5.3,1.3,58.1
djarii,2938,908,27992,554,55,5,4816,423,28820,78.5,332508,19315875,4.5,1.7,78.5
xpertthief,1000,493,3443,266,42,4,1853,286,2980,75.3,332386,2002035,2.2,1.4,75.3
karma,1857,1845,19792,331,60,6,10350,495,15024,73.5,332324,7935276,2.7,1.5,73.5
xpertthief,1000,493,3443,266,42,4,1853,286,2980,75.3,332386,2002035,2.2,1.4,75.3
skyyart,1703,1348,9459,377,61,5,6090,782,13829,172.5,331362,5402306,3.3,1.5,172.5
pobelter,1243,2270,15510,357,6,3,7907,192,14127,54.3,331445,17893799,2.9,1,54.3
vinesauce,3078,4925,16861,731,339,4,20737,214,13972,54.2,330092,28036152,5.9,1.9,54.2
paladinsgame,8531,598,30369,693,8,12,7362,276,14558,32.6,328536,15858989,5.6,1,32.6
lobosjr,5087,1650,8714,665,159,8,12621,232,14620,29.1,327805,19813061,5.4,1.5,29.1
ms_vixen,13947,126,4593,749,64,19,2346,90,3938,6.5,326383,12623033,6.1,2.3,6.5
krepo,374,1873,10706,65,1,6,10763,187,16673,29.5,344320,28794245,0.5,1,29.5
esl_csgob,972,6467,119288,159,1,6,39526,1233,78900,203,326566,18128140,1.3,1,203
dunkstream,140,1655,5074,70,38,2,3306,1904,12016,953.2,307550,3097414,0.6,1.2,953.2
silviosantosdocs,841,4406,13898,203,38,4,18260,1303,31251,294.2,322915,7886952,1.8,1.8,294.2
krepo,374,1873,10706,65,1,6,10763,187,16673,29.5,344320,28794245,0.5,1,29.5
emongg,5917,1459,61616,796,23,7,10845,347,13312,48.4,322135,11586509,6.4,1.1,48.4
csruhub,2659,8587,171987,266,1,10,85845,812,131207,105.7,321819,49732836,2.1,1,105.7
laink,1535,3034,38247,371,162,4,12550,728,20058,175.1,320238,7919605,3,1.7,175.1
diction,2961,297,3808,588,342,5,1496,4,2659,0.7,320030,14579573,4.7,2,0.7
sips_,2582,2143,12035,461,100,6,12004,244,11920,46.3,319791,9291838,3.7,1.2,46.3
agony,2730,328,21671,670,33,4,1336,151,2013,40.4,319779,2152230,5.4,1.3,40.4
blizzard,148,8475,239752,38,9,4,32934,3251,144770,726.6,319536,12537131,0.5,1,726.6
northernlion,2000,4842,18116,691,296,3,14012,173,15406,47.6,318931,22229057,5.6,2.5,47.6
blusewilly_retry,3453,5100,38259,634,126,5,27775,121,37510,28.7,318603,67120171,5.1,1.2,28.7
crayator,3134,992,13852,585,84,5,5315,585,9615,98.9,318700,5179443,4.7,1.4,98.9
cartmanzbs,4639,3550,14949,698,21,7,23593,195,35245,27.8,317181,40684371,5.6,1.4,27.8
overwatchcontenders,1788,4352,41052,241,1,7,32280,866,44054,167.2,316609,15550777,2.5,1,167.2
hutch,3146,776,4518,697,44,5,3503,115,4892,26.1,316327,8725362,5.6,1.2,26.1
basicallyidowrk,149,2552,42973,61,14,2,6213,4484,15890,1781.3,313660,1203402,0.5,1,1781.3
sasa,1702,646,17912,412,25,4,2668,654,10569,163.6,315278,4936679,3.3,1.6,163.6
elfedelobo,1880,1255,8592,433,210,4,5449,482,7153,120.6,311514,4421277,3.5,1.9,120.6
nvidiageforcetr,2416,1164,13557,743,157,3,3784,407,12456,127.1,315724,9451326,6.2,1.6,127.1
capcomfighters,1584,10667,108815,269,13,6,62793,473,118350,87.8,314277,76376698,2.2,1.1,87.8
esl_ruhub_csgo,1149,7968,64642,151,1,8,60609,623,102033,103.1,317626,39106759,1.2,1,103.1
folagorlives,587,1357,27043,270,36,2,2949,975,7578,511.8,312513,2453530,3.1,1.2,511.8
jtgtv,610,10835,40849,104,68,6,63532,2465,192000,497.2,312041,23628830,1.6,2.7,497.2
apored,722,2694,18798,165,9,4,11790,1664,18805,431,311518,3517311,2,1.1,431
formal,598,1869,6659,123,6,5,9079,338,8710,73.4,313515,5312009,1,1.1,73.4
jakenbakelive,3551,2972,23459,520,17,7,20293,538,25318,87.3,312067,14827194,5.6,1,87.3
xayoo_,2044,5193,20615,378,35,5,28085,965,61970,142.1,308841,19154925,3.1,1.6,142.1
chicalive,4494,491,39144,779,37,6,2832,320,3470,54.8,310754,2852989,6.3,1.2,54.8
bibaboy,2175,1013,10194,513,20,4,4296,119,11407,20,310622,14672793,4.2,1.4,20
hexy,4710,1616,15450,720,82,7,10570,179,14750,22.2,309633,13779632,5.8,1.4,22.2
hutch,3146,776,4518,697,44,5,3503,115,4892,26.1,316327,8725362,5.6,1.2,26.1
hutch,3146,776,4518,697,44,5,3503,115,4892,26.1,316327,8725362,5.6,1.2,26.1
zilioner,3636,2500,21629,573,85,6,15863,348,20334,69.9,309740,16082963,4.6,2,69.9
spacelyon,3281,371,20051,475,22,7,2563,575,5915,94,308627,3177403,5.4,1.2,94
nikolarntv,978,615,2163,211,27,5,2849,323,1561,69.7,308225,2516345,1.7,1.7,69.7
svennoss,3922,743,26691,506,29,8,5759,560,10146,78.4,307685,5571677,6.5,1.1,78.4
painlivestream,1776,2009,16764,420,22,4,8496,565,6987,123.1,306449,3234455,3.4,1.4,123.1
wadu,1394,622,13936,401,22,3,2162,766,7649,219.3,306402,3054049,5.2,1.3,219.3
dellor,4234,487,4741,617,46,7,3342,514,3991,72,306988,2502371,5,1.6,72
riotgames,3041,59465,561468,344,1,9,525744,3107,613312,383.1,3518063,1113673334,2.8,1,383.1
dexbonus,2521,1800,12775,615,190,4,7379,150,13108,37.5,305285,14605385,5,1.4,37.5
vivid,1828,1410,35082,301,18,6,8562,1084,14699,167.8,306782,4159842,5,1.2,167.8
epicenter_en,67,2650,20469,7,1,10,25516,545,25161,72.8,5633,319847,0.1,1,72.8
solary,11171,3712,37783,518,171,22,80054,760,161218,26.6,304145,63093335,6.9,2.7,26.6
trilluxe,2366,1239,8776,492,62,5,5958,123,11904,26.2,303275,11594686,4,1.7,26.2
sceptic,1109,742,5978,244,6,5,3371,1207,7214,273.2,302898,1811016,4.8,1,273.2
iddqd,3083,1740,14709,604,14,5,8880,397,12890,82.1,302817,8917832,4.9,1,82.1
stormen,1827,2141,11490,369,21,5,10602,763,23936,147.5,302637,9093599,3,1.2,147.5
